guest_id,first_name,last_name,email,phone,loyalty_tier,loyalty_points,member_since,reservation_id,property_code,check_in_date,check_out_date,room_type,rate_plan,nightly_rate,total_nights,reservation_status,payment_method_last4,marketing_opt_in,special_requests,internal_notes
G10001,Laura,Bennett,laura.bennett@example.com,312-555-0148,Silver,4200,2022,R55001,SOL-CHI,2026-07-14,2026-07-17,Standard King,Best Available Rate,219,3,Confirmed,4417,Y,,
G10002,James,Okoye,james.okoye@example.com,704-555-0192,None,0,,R55002,SOL-CLT,2026-07-15,2026-07-16,Standard Double,Advance Purchase,169,1,Confirmed,9012,N,,
G10003,Priya,Subramaniam,priya.sub@example.com,512-555-0117,Gold,18500,2019,R55003,SOL-AUS,2026-07-18,2026-07-21,Deluxe King,Corporate Negotiated,219,3,Confirmed,2288,Y,High floor if available,
G10004,Michael,Chen,michael.chen88@example.com,303-555-0163,Platinum,62000,2016,R55004,SOL-DEN,2026-07-20,2026-07-23,Deluxe King,Loyalty Redemption,0,3,Confirmed,4471,Y,Requesting suite upgrade - Platinum member,"Platinum members receive complimentary upgrade to next available room class, subject to inventory. Suite upgrade is NOT guaranteed and must be confirmed against same-day availability."
G10005,Denise,Franklin,denise.franklin@example.com,615-555-0134,Silver,2100,2023,R55005,SOL-NSH,2026-06-06,2026-06-08,Standard King,Best Available Rate,209,2,Cancelled,5510,N,,"Guest cancelled 2026-06-04, 36 hours after the 72-hour free-cancellation cutoff. Per policy, one night was charged. Guest disputes the charge and has emailed twice asking for a full refund."
G10006,Marcus,Webb,marcus.webb.guest@example.com,813-555-0122,Gold,9400,2020,R55006,SOL-TPA,2026-07-10,2026-07-13,Suite,Best Available Rate,329,3,Checked-in,7734,Y,,"Guest disputes a $45 minibar charge on 2026-07-11 folio, says minibar was untouched. Do not adjust folio directly -- escalate to property AGM for review."
G10007,Sofia,Ramirez,sofia.ramirez@example.com,480-555-0177,None,0,,R55007,SOL-PHX,2026-07-09,2026-07-11,Standard King,Advance Purchase,169,2,Confirmed,3391,Y,"Flight lands 8am, requesting check-in as early as possible","Standard check-in time is 3:00 PM. Early check-in is subject to same-day room availability, not guaranteed."
G10008,Tom,Nguyen,tom.nguyen@example.com,919-555-0141,Silver,3300,2021,R55008,SOL-CLT,2026-07-22,2026-07-24,Standard Double,Best Available Rate,189,2,Confirmed,8820,N,Asked if code SOLSTICE2024 still applies,Promo code SOLSTICE2024 expired 2025-12-31. Do not apply retroactively.
G10009,Michael,Smith,m.smith0912@example.com,916-555-0108,None,0,,R55009,SOL-SAC,2026-07-25,2026-07-26,Standard King,Advance Purchase,179,1,Confirmed,1145,N,,
G10010,Michael,Smith,michael.smith.chi@example.com,312-555-0199,Gold,14200,2018,R55010,SOL-CHI,2026-07-25,2026-07-28,Deluxe King,Corporate Negotiated,259,3,Confirmed,6602,Y,,"Do not confuse with guest G10009 (unrelated, same name)."
G10011,Aaliyah,Jones,aaliyah.jones@example.com,614-555-0159,Silver,5100,2022,R55011,SOL-CMH,2026-08-01,2026-08-03,Standard King,Best Available Rate,169,2,Confirmed,2217,Y,"Traveling with service animal, prefers ground-floor room","Service animal is not a pet fee situation -- no pet fee applies. Ground floor requested, not guaranteed."
G10012,Robert,Kalinski,rkalinski@example.com,401-555-0164,None,0,,R55012,SOL-PVD,2026-06-20,2026-06-22,Standard Double,Advance Purchase,159,2,Checked-out,9945,N,,"Guest checked out 2026-06-22, called on 2026-07-05 (13 days later) requesting a refund for 'noise complaints' never reported during the stay. Outside 72-hour post-stay service-recovery window."
G10013,Elena,Brandt,elena.brandt@example.com,312-555-0121,Platinum,81200,2015,R55013,SOL-CHI,2026-07-30,2026-08-02,Suite,Loyalty Redemption,0,3,Confirmed,3350,Y,,5th stay this calendar year. Flag as VIP -- notify GM Renee Okafor on arrival per standing instruction.
G10014,Brian,Okafor,brian.okafor@example.com,480-555-0188,None,0,,R55014,SOL-PHX,2026-06-15,2026-06-16,Standard King,Advance Purchase,169,1,No-show,5591,N,,Marked no-show 2026-06-15 11:59 PM per no-show policy. Advance Purchase rate is non-refundable.
G10004,Michael,Chen,michael.chen88@example.com,303-555-0163,Platinum,62000,2016,R55015,SOL-AUS,2026-09-05,2026-09-07,Deluxe King,Loyalty Redemption,0,2,Confirmed,4471,Y,,"Second, unrelated trip for the same guest as R55004."
G10015,Hannah,Whitfield,hannah.whitfield@example.com,704-555-0177,Gold,11300,2020,R55016,SOL-CLT,2026-08-05,2026-08-07,Accessible King,Best Available Rate,189,2,Confirmed,7789,Y,"Feather-pillow allergy, requests hypoallergenic bedding",
G10016,Carlos,Mendez,carlos.mendez@example.com,813-555-0155,Silver,3900,2023,R55017,SOL-TPA,2026-08-10,2026-08-13,Suite,Best Available Rate,329,3,Confirmed,2255,Y,Anniversary trip - requested champagne/turndown if available,"Property can accommodate a $0-cost turndown note; champagne/amenity upsell should be offered as a paid add-on, not comped by default."
G10017,Grace,Lindqvist,grace.lindqvist@example.com,614-555-0142,Gold,16800,2019,R55018,SOL-CMH,2026-08-11,2026-08-14,Standard King,Corporate Negotiated,199,3,Confirmed,6634,N,,
G10018,Daniel,Ostrowski,daniel.ostrowski@example.com,916-555-0166,None,0,,R55019,SOL-SAC,2026-08-15,2026-08-18,Standard Double,Best Available Rate,179,3,Confirmed,8871,Y,"Traveling with 2 kids, requests connecting rooms if possible",Connecting rooms are limited inventory -- confirm before promising.
G10019,Fatima,Haidari,fatima.haidari@example.com,480-555-0139,Silver,2600,2023,R55020,SOL-PHX,2026-08-02,2026-08-06,Standard King,Best Available Rate,169,4,Checked-in,1123,N,,Guest mentioned cutting trip short by one night due to a family emergency. Best Available Rate allows same-day cancellation of remaining nights without penalty if requested before 6 PM the day of departure change.
G10020,Owen,Fitzgerald,owen.fitz.guest@example.com,401-555-0148,None,0,,R55021,SOL-PVD,2026-08-20,2026-08-21,Standard King,Advance Purchase,159,1,Confirmed,4429,N,,
G10021,Wei,Zhang,wei.zhang@example.com,512-555-0161,Gold,13400,2020,R55022,SOL-AUS,2027-03-12,2027-03-15,Deluxe King,Best Available Rate,239,3,Confirmed,5567,Y,,Booked before SXSW blackout was finalized. Rate will not be discounted; treat as fixed BAR regardless of any future group inquiry for the same dates.
G10022,Isabelle,Moreau,isabelle.moreau@example.com,312-555-0173,None,0,,R55023,SOL-CHI,2026-08-22,2026-08-24,Standard Double,Best Available Rate,219,2,Confirmed,3312,N,Requesting 1pm late checkout,Standard checkout is 11 AM. Late checkout to 1 PM can be granted at front-desk discretion based on occupancy; not automatic.
G10023,Nathan,Combs,nathan.combs@example.com,615-555-0129,Silver,4700,2022,R55024,SOL-NSH,2026-09-18,2026-09-21,Standard King,Best Available Rate,209,3,Confirmed,7761,Y,,
G10024,Renee,Okafor-Bailey,renee.ob@example.com,312-555-0184,Platinum,44500,2017,R55025,SOL-CHI,2026-08-25,2026-08-27,Suite,Loyalty Redemption,0,2,Confirmed,9903,Y,,One night already comped via service-recovery credit from a prior stay (case #SR-2291). Do not apply an additional comp for this stay unless a new issue is confirmed.
